,,Event Date Jp / Started At Jp / Encoded Video Id / Event Length / Video Caption,,Event Date Jp / Started At Jp / Encoded Video Id / Event Length / Video Caption,,,,,Event Date Jp / Started At Jp / Encoded Video Id / Event Length / Video Caption,,Event Date Jp / Started At Jp / Encoded Video Id / Event Length / Video Caption,Event Date Jp / Started At Jp / Encoded Video Id / Event Length / Video Caption,,,,Event Date Jp / Started At Jp / Encoded Video Id / Event Length / Video Caption,,,Event Date Jp / Started At Jp / Encoded Video Id / Event Length / Video Caption,Event Date Jp / Started At Jp / Encoded Video Id / Event Length / Video Caption,Event Date Jp / Started At Jp / Encoded Video Id / Event Length / Video Caption,Event Date Jp / Started At Jp / Encoded Video Id / Event Length / Video Caption,,Event Date Jp / Started At Jp / Encoded Video Id / Event Length / Video Caption,Event Date Jp / Started At Jp / Encoded Video Id / Event Length / Video Caption,※繰り返し配信,Event Date Jp / Started At Jp / Encoded Video Id / Event Length / Video Caption,Event Date Jp / Started At Jp / Encoded Video Id / Event Length / Video Caption,,※繰り返し配信,Event Date Jp / Started At Jp / Encoded Video Id / Event Length / Video Caption,Event Date Jp / Started At Jp / Encoded Video Id / Event Length / Video Caption,Event Date Jp / Started At Jp / Encoded Video Id / Event Length / Video Caption,Event Date Jp / Started At Jp / Encoded Video Id / Event Length / Video Caption,※繰り返し配信,Event Date Jp / Started At Jp / Encoded Video Id / Event Length / Video Caption,Event Date Jp / Started At Jp / Encoded Video Id / Event Length / Video Caption,Event Date Jp / Started At Jp / Encoded Video Id / Event Length / Video Caption,,Event Date Jp / Started At Jp / Encoded Video Id / Event Length / Video Caption,Event Date Jp / Started At Jp / Encoded Video Id / Event Length / Video Caption,,,※繰り返し配信,Event Date Jp / Started At Jp / Encoded Video Id / Event Length / Video Caption,Event Date Jp / Started At Jp / Encoded Video Id / Event Length / Video Caption,Event Date Jp / Started At Jp / Encoded Video Id / Event Length / Video Caption,Event Date Jp / Started At Jp / Encoded Video Id / Event Length / Video Caption,Event Date Jp / Started At Jp / Encoded Video Id / Event Length / Video Caption,,Event Date Jp / Started At Jp / Encoded Video Id / Event Length / Video Caption,,Event Date Jp / Started At Jp / Encoded Video Id / Event Length / Video Caption,,,Event Date Jp / Started At Jp / Encoded Video Id / Event Length / Video Caption,Event Date Jp / Started At Jp / Encoded Video Id / Event Length / Video Caption,Event Date Jp / Started At Jp / Encoded Video Id / Event Length / Video Caption,Event Date Jp / Started At Jp / Encoded Video Id / Event Length / Video Caption,Event Date Jp / Started At Jp / Encoded Video Id / Event Length / Video Caption,Event Date Jp / Started At Jp / Encoded Video Id / Event Length / Video Caption,Event Date Jp / Started At Jp / Encoded Video Id / Event Length / Video Caption,,Event Date Jp / Started At Jp / Encoded Video Id / Event Length / Video Caption,Event Date Jp / Started At Jp / Encoded Video Id / Event Length / Video Caption,Event Date Jp / Started At Jp / Encoded Video Id / Event Length / Video Caption,Event Date Jp / Started At Jp / Encoded Video Id / Event Length / Video Caption,Event Date Jp / Started At Jp / Encoded Video Id / Event Length / Video Caption,Event Date Jp / Started At Jp / Encoded Video Id / Event Length / Video Caption,Event Date Jp / Started At Jp / Encoded Video Id / Event Length / Video Caption,Event Date Jp / Started At Jp / Encoded Video Id / Event Length / Video Caption,Event Date Jp / Started At Jp / Encoded Video Id / Event Length / Video Caption,Event Date Jp / Started At Jp / Encoded Video Id / Event Length / Video Caption,Event Date Jp / Started At Jp / Encoded Video Id / Event Length / Video Caption,Event Date Jp / Started At Jp / Encoded Video Id / Event Length / Video Caption,,Event Date Jp / Started At Jp / Encoded Video Id / Event Length / Video Caption,,,,,,,,,,,,,,,,,,
,,2026-03-10,2026-03-03,2026-02-27,2026-02-24,2026-02-17,2026-02-10,2026-02-03,2026-01-27,2026-01-20,2026-01-13,2025-12-23,2025-12-16,2025-12-09,2025-12-02,2025-11-28,2025-11-18,2025-11-11,2025-11-04,2025-10-28,2025-10-21,2025-10-14,2025-10-07,2025-09-30,2025-09-16,2025-09-09,2025-09-02,2025-08-26,2025-08-19,2025-08-12,2025-08-01,2025-07-29,2025-07-22,2025-07-15,2025-07-08,2025-07-01,2025-06-24,2025-06-17,2025-06-10,2025-06-03,2025-05-27,2025-05-20,2025-05-13,2025-05-06,2025-04-22,2025-04-15,2025-04-08,2025-04-01,2025-03-25,2025-03-18,2025-03-11,2025-03-04,2025-02-25,2025-02-18,2025-02-12,2025-02-04,2025-01-28,2025-01-20,2025-01-14,2024-12-26,2024-12-23,2024-12-16,2024-12-10,2024-12-02,2024-11-25,2024-11-18,2024-11-11,2024-11-07,2024-10-28,2024-10-21,2024-10-11,2024-10-03,2024-09-30,2024-09-16,2024-09-09,2024-09-02,2024-08-19,2024-08-12,2024-08-05,2024-07-30,2024-07-16,2024-07-09,2024-07-02,2024-06-25,2024-06-18,2024-06-11,2024-06-05,2024-05-31,2024-05-23,2024-05-14,2024-05-08,2024-04-01,2024-03-11,2024-02-27,2024-02-22
,,17:55,17:55,19:00,17:55,18:00,18:00,17:55,17:55,17:55,18:01,18:00,18:00,18:00,18:00,18:00,18:00,18:00,18:00,18:00,18:00,18:00,18:00,18:00,18:00,18:00,18:00,19:00,18:10,18:00,18:00,18:00,18:00,18:00,18:00,19:00,18:00,18:00,18:00,18:00,18:00,19:00,18:00,18:00,12:04,18:00,19:00,19:00,18:00,19:00,18:00,19:00,19:00,19:00,19:00,18:55,17:55,17:55,11:55,19:00,18:55,19:00,18:00,19:00,19:00,19:00,19:00,19:00,19:00,19:00,19:00,19:00,19:00,19:00,19:00,19:00,19:00,19:00,19:00,19:00,19:00,19:00,19:00,19:00,19:00,19:00,19:00,19:00,19:00,14:00,19:00,20:30,18:59,19:00,19:00
,,5Dz8lZ,oPGEWW,5x9Jkx,o9kmWd,5mYwEr,oWGmLx,oPGj7y,oQGrbX,gYGRpY,gpDRlb,5DGY2E,vJG0ln,5aXdRa,o8q631,o9q9Rr,o0qkqk,5z2p0d,5z2Qjr,oyOwLb,o3qQb8,5bX8pK,5mqQ7r,oeq7mQ,5mqdOq,※繰り返し配信,oPbrbB,oWqp2Z,oPbpPR,※繰り返し配信,5LWZpX,g2Z0R8,glDYkP,gdLNlQ,※繰り返し配信,gpQd9G,vJpW2M,5RWDPN,vVMQle,oA127b,gwXdzm,gkE4yQ,5Dy6yJ,※繰り返し配信,vJpKyG,gdL6jL,プッシュ通知不具合,5mj61r,5LQ7pX,g24zzJ,gOz774,oNzGwb,gl9qbz,oPqjEB,oArV7j,※繰り返し配信,プッシュ通知不具合,gl9wLb,gkzLjx,5z9zY6,oj9WLO,gMewN3,※再放送,5D71n0,gMr1YO,5aNZVy,oP2zZr,gkYbD0,glRnJQ,oQYaq8,o9ERDY,vVWQNe,gpWRE1,gYmEJj,g2MbmJ,gOOyK4,oeBAKQ,5zbM1d,gX4baA,v7Yd2Y,5ErKrJ,5nekab,g1RwxO,oQa438,vZj48R,o8Ablb,5RjXAw,o8Aq9j,g4JA76,5bjjrZ,oQaEkY,gdj1er,gwZRRl,gMJd3E,gkZ670
,, 71.90, 64.53, 45.93, 62.47, 62.68, 68.92, 77.18, 69.07, 68.83, 50.02, 68.38, 58.92, 66.40, 69.57, 65.52, 61.65, 68.70, 67.95, 84.03, 67.05, 64.72, 79.05, 72.25, 75.05, 60.83, 53.43, 84.10, 86.68, 66.03, 75.67, 66.18, 80.22, 76.62, 66.60, 65.30, 86.85, 69.30, 58.37, 66.75, 68.42, 60.95, 78.10, 63.92, 64.07, 70.93, 56.50, 64.33, 54.35, 73.35, 63.98, 63.07, 56.62, 65.80, 68.33, 64.12, 64.88, 64.28, 58.87, 51.50, 65.35, 63.88, 52.48, 55.65, 65.17, 62.65, 52.55, 49.95, 60.77, 57.43, 53.12, 49.70, 38.80, 38.55, 52.88, 55.85, 58.95, 51.05, 59.68, 46.25, 57.98, 50.40, 57.87, 57.53, 52.03, 53.78, 43.43, 58.38, 55.92, 49.17, 45.80, 42.05, 44.40, 40.57, 41.23
,,【LIPSベストコスメ2025】26冠のキャンメイクが選ぶ推しアイテム特集！（マツキヨココカラLIVE）,ミストが膜に変わる新技術搭載！  KATEから新発売のメイクキープミスト！（マツキヨココカラLIVE）,#PR　#マツキヨ　#BEAUSTER　岩橋玄樹さん  ×  ビュースター  コラボキャンペーン記念  （マツキヨココカラLIVE）,"ALL3,000円以下！マツキヨ・ココカラ店員も狙う  「春の新作コスメ」レビュー（マツキヨココカラLIVE）",【徹底検証】『いち髪』話題のラインナップを比較！リニューアル品＆定番モデルの泡立ち・香りをリアル体感LIVE！（マツキヨココカラLIVE）,【保湿ケア】カサつく前に！冬の乾燥に寄り添うセルフケアアイテム特集（マツキヨココカラLIVE）1/27回の再放送,春を笑顔で過ごしたい！デリケートな時期を快適に迎える早めの準備LIVE（マツキヨココカラLIVE）,【保湿ケア】カサつく前に！冬の乾燥に寄り添うセルフケアアイテム特集（マツキヨココカラLIVE）,ライブ配信で反響が大きかった  「ガチ推し」コスメランキング,【新春LIVE】身だしなみで自信を。  新年のスタートダッシュを切るセルフケア特集  (マツキヨココカラLIVE）,「年内ラスト配信！」  自腹購入アイテムプレゼン対決！（マツキヨココカラLIVE）,前髪がキマれば気分もアガる！  プロスタイルのバブル・いち髪のコーム  “なりたい”をつくる前髪スタイリング,＼年末の大掃除、迷ったらこれ！／  溜まった汚れをゴッソリ、まとめてスッキリ  万能アイテム大集合！（マツキヨココカラLIVE）,【時短ミニマルメイク】  「nake」で叶える、素肌を活かした新提案,描くたびケアできる  まつ毛美容液発想の進化系アイライナー「LINE  BOOST」（マツキヨココカラLIVE）,【美容インフルエンサーも推し確！】  +tmrのタンパク質着目ケアで  ブリーチ毛・ハイダメージ毛もするん♪な指通り（マツキヨココカラLIVE）,【貼ってほっとくだけ】  極薄顔用パッチで  ニキビ跡などの顔肌悩みを保護＆ケア！,今日の気分で香りを選ぶ  「クナイプ」至福のバスタイム　  (マツキヨココカラLIVE）,透明感発色×うるおい感が長時間持続    KATEのリップモンスターから  落ちにくいリキッドタイプ「クリスタルポッド」降臨  (マツキヨココカラLIVE）,前髪に悩む人必見!　本望あやかさん直伝「プロスタイル」で理想の推し髪へ！（マツキヨココカラLIVE）,【おうち美容】頑張りすぎない！  ゆるっと続けられるセルフケアアイテム特集（マツキヨココカラLIVE）,【ディアボーテからついに誕生！】  シリーズ最高峰の「Bloom  d'Or」で芯から美しい髪へ！（マツキヨココカラLIVE）,【あなたの“似合う艶”が見つかる】  ザ・プロダクトからプリズムミラーオイル誕生  パーソナルカラーで選ぶ艶ラメを。  (マツキヨココカラLIVE）,【正直レビュー】新作プライベートブランドコスメを  いち早くチェック  (マツキヨココカラLIVE）,最近なんだか疲れてる？この時期おすすめ休息グッズを紹介！（マツキヨココカラLIVE）5/20回の再放送,驚きの高クオリティ！マツココ店員  「イチオシ」のプライベート商品を一気見せ(マツキヨココカラLIVE）,【エイトザタラソが待望のリニューアル】  地肌も髪もうるおう！  新モイストシリーズを紹介  (マツキヨココカラLIVE）,【バイヤーも大注目！！】  ファンケルの人気アイテムが  国民的人気キャラクター「ドラえもん」の限定デザインで登場！  (マツキヨココカラLIVE）,美容部員が選ぶ！「夏の旅行」に持っていきたい厳選コスメリスト(マツキヨココカラLIVE）7/29回の再放送,ヘアコスメブランド「Loretta」から  新作登場！？  グリースの概念を覆す  新感覚テクスチャーのグリースゼリー（マツキヨココカラLIVE）,美容部員が選ぶ！「夏の旅行」に持っていきたい厳選コスメリスト(マツキヨココカラLIVE）,本気で選んだ！この夏手放せないサンケア＆制汗剤特集！（マツキヨココカラLIVE）,ドラッグストア店員が本音で語る！  夏の絶対買いコスメ（マツキヨココカラLIVE）,【新体験】冷感ボディケア  　アルジェランで夏の肌にご褒美を（マツキヨココカラLIVE）※6/3配信回の再放送,雪肌精×Number_iコラボ！  大人気のブライトニングシリーズを大解剖！（マツキヨココカラLIVE）,マツキヨココカラ美容スタッフが厳選！  落ちにくい優秀リップ特集！（マツキヨココカラLIVE）,エージーデオ２４スプレー史上最高のニオイケア「デオドラントスプレー」を徹底解剖(マツキヨココカラLIVE）,LIPS人気美容インフルエンサーが高濃度ヘアケアアイテム「コンクレッド」をガチレビュー！（マツキヨココカラLIVE）,【新体験】冷感ボディケア  　アルジェランで夏の肌にご褒美を（マツキヨココカラLIVE）,可愛さ満点♡ハチミツ美容の「&honey」とサンリオの人気キャラクター  「クロミ」が数量限定コラボで登場！（マツキヨココカラLIVE）,最近なんだか疲れてる？この時期おすすめ休息グッズを紹介！（マツキヨココカラLIVE）,『3650』のココがすごい！テクニックいらず×多彩なカラバリ  商品の魅力を徹底解説！（マツキヨココカラLIVE）,,【トレンドど真ん中】バズり韓国コスメを美容部員が生レビュー！（マツキヨココカラLIVE）,【美容部員激推し】  マツキヨココカラの新作アイテムを徹底レビュー！（マツキヨココカラLIVE）,高機能・高コスパ・バズ売れブランド！matsukiyo  ウィズ  メソッド  トリプルAを徹底解剖（マツキヨココカラLIVE）,UVカット対策の新定番！アネッサ新商品徹底レビュー（マツキヨココカラLIVE）,大人気ブランド「&honey」と「セラティス」が融合！  欲張りタイパ美容の新ヘアケアブランド『&PAIR(アンドペア)』（マツキヨココカラLIVE）,塗るほどに気持ちいい♩  ビオレの本気！呼吸感ベールUVを徹底解剖（マツキヨココカラLIVE）,プロ仕様の洗剤シリーズ！「matsukiyo  WASHBLACK」最速レビュー（マツキヨココカラLIVE）,毎日のUVカット対策が楽しくなる！年中使いたいスキンアクアの新作紹介！（マツキヨココカラLIVE）,新発売ぷるつやベースで叶える！春の好印象＆時短メイク（マツキヨココカラLIVE）,本格はちみつシャンプー！目指すは蜜髪♡ハニーク徹底解剖！（マツキヨココカラLIVE）,美容と健康のために摂りたい、出会えてよかったインナーケアアイテム（マツキヨココカラLIVE）,幸せバスタイム！この冬おすすめの入浴剤（マツキヨココカラLIVE）※1/20の再放送,マツキヨココカラ美容部員厳選！溺愛コスメ特集（マツキヨココカラLIVE）,幸せバスタイム！この冬おすすめの入浴剤（マツキヨココカラLIVE）,苺づくし！冬を彩る苺スイーツ特集（マツキヨココカラLIVE）,【ビューティーアワード多数受賞】「タンパク質」に着目した人気ヘアケアブランド  +tmr徹底レビュー！（マツキヨココカラLIVE）,マツキヨココカラ店員と資生堂美容部員が選ぶ♡2024年私のベスコス5選！（マツキヨココカラLIVE）,大好評御礼！川畑要さんと共同開発  のど飴の楽しみかた（マツキヨココカラLIVE）,手には年齢が現れる…！？今日から実践！自信が持てるハンドケア特集（マツキヨココカラLIVE）_11/11回再放送,クレンジング・洗顔をより快適に！進化したビフェスタシリーズ（マツキヨココカラLIVE）,この冬は”つやぷる唇”で過ごしたい♥マキアージュで彩る冬のリップメイク（マツキヨココカラLIVE）,肌のバランスを整えるためには朝洗顔が重要！忙しい朝の時短ケアも叶える『洗顔特集』（マツキヨココカラLIVE）,手には年齢が現れる…！？今日から実践！自信が持てるハンドケア特集（マツキヨココカラLIVE）,おしゃれでやさしいZ世代の新カミソリブランド『Schick  FIRST  TOKYO』誕生！（マツキヨココカラLIVE）,資生堂コラボ！忙しい人必見！プロの時短メイク（マツキヨココカラLIVE）,理想のツヤ激盛りリップ登場！リップモンスター新商品を徹底解剖（マツキヨココカラLIVE）,パケ買い必至の食べるコスメ!?新発想おやつ『ボウ  ドルチェ』,オンラインストア先行発売！川畑要さん共同開発リラックスのど飴（マツキヨココカラLIVE）,資生堂コラボ！秋のスペシャルケアをプロが伝授（マツキヨココカラLIVE）,衣替え時に必須！衣類を守るおすすめ防虫剤（マツキヨココカラLIVE）,美容スタッフが選ぶ！カラーリップ20選  徹底レビュー（マツキヨココカラLIVE）,日本初上陸！韓国発！CLIOの飲むコラーゲン（マツキヨココカラLIVE）,必見！売れ筋ナプキン徹底比較（マツキヨココカラLIVE）,夏の晩酌に最高！お酒にあう至福のおつまみ特集（マツキヨココカラLIVE）,資生堂コラボ！夏！崩れにくいメイク情報（マツキヨココカラLIVE）,上質なものに投資したい人必見！メンズスキンケア『KNOWLEDGE』を解説（マツキヨココカラLIVE）,保存版！夏におすすめVCマスク10選,爽快感や仕上がりレビュー！ドライシャンプーおすすめ,この夏、使いたい！汗拭きシート12種全部使ってみた,ゴキブリゼロの夏へ！ゴキブリ対策おすすめ10選,厳選！肌悩み別ボディソープ6選,汚れも臭いもサッパリ解決！ジメジメ梅雨に負けない洗濯のコツ,【花王の本気】サロン級ヘアケア”休息美容”  melt徹底解剖,初めてでもよくわかる！自分にあったプロテインの選び方,今年注目の日焼け止めは？2024年UVケア特集,先輩ママが教える！ベビーおむつブランド徹底比較,その歯磨き粉でいい？オーラルケアブランド比較,20240401ナレッジ,理想のすっぴんを叶える「nake」最速レビュー,matsukiyoヤバいよ！？エナジードリンクご紹介,3STEPで韓国風キマる  iisamを使えば初挑戦でもいい感じにメイクできるのか！？
active,ライブ視聴者数 (1秒以上)," 6,540"," 5,996"," 2,912"," 5,762"," 5,325"," 5,072"," 6,093"," 6,081"," 6,145"," 4,655"," 5,872"," 5,470"," 6,278"," 6,339"," 6,263"," 5,496"," 6,338"," 5,838"," 7,354"," 6,048"," 6,724"," 6,403"," 6,402"," 6,596"," 3,690"," 4,658"," 7,215"," 7,152"," 3,990"," 6,002"," 5,287"," 8,562"," 6,053"," 4,316"," 5,601"," 7,756"," 5,863"," 5,093"," 5,345"," 5,902"," 6,461"," 8,024"," 4,166"," 6,565"," 5,812"," 4,349"," 5,539"," 6,012"," 6,664"," 6,243"," 5,254"," 5,408"," 5,236"," 5,143"," 3,512"," 4,929"," 6,284"," 5,502"," 4,128"," 5,901"," 6,269"," 2,999"," 5,216"," 6,743"," 6,101"," 5,024"," 4,405"," 5,844"," 5,418"," 4,399"," 4,785"," 3,875"," 4,302"," 5,402"," 5,354"," 5,497"," 4,879"," 6,897", 443," 1,124"," 1,011", 663, 584, 234, 103, 476, 531, 271, 266, 209, 185, 3, 2, 7
,ライブ視聴者数 (3秒以上)," 5,596"," 4,973"," 2,464"," 4,935"," 4,531"," 3,918"," 5,202"," 5,188"," 5,182"," 3,923"," 4,791"," 4,505"," 5,258"," 5,189"," 5,094"," 4,499"," 5,192"," 4,755"," 6,046"," 5,021"," 5,368"," 5,201"," 4,969"," 5,228"," 2,755"," 3,662"," 5,815"," 5,707"," 2,927"," 4,827"," 4,160"," 6,818"," 4,873"," 3,161"," 4,410"," 6,243"," 4,665"," 4,070"," 4,330"," 4,365"," 5,062"," 6,450"," 3,219"," 5,119"," 4,658"," 3,496"," 4,503"," 4,834"," 5,368"," 4,994"," 4,163"," 4,339"," 4,262"," 4,278"," 2,623"," 3,917"," 5,087"," 4,549"," 3,402"," 4,951"," 5,270", 992," 4,288"," 5,434"," 5,017"," 4,134"," 3,573"," 4,769"," 4,544"," 3,629"," 4,104"," 3,259"," 3,538"," 4,529"," 4,522"," 4,611"," 4,166"," 5,970", 429," 1,092", 979, 602, 535, 210, 94, 437, 489, 253, 247, 187, 181, 3, 2, 7
,最大同時接続者数,471,485,456,474,423,208,413,496,484,450,437,438,472,453,459,460,468,451,447,453,490,382,390,387,145,371,426,406,155,386,310,500,411,159,419,480,380,438,384,351,485,551,183,498,461,345,460,496,465,506,478,522,484,397,3472,373,526,545,376,505,651,2933,478,531,511,437,374,538,465,389,552,430,429,471,476,493,441,646,74,159,175,106,74,52,32,116,95,41,64,49,62,3,2,7
,平均視聴分数, 3.69, 3.14, 4.44, 3.03, 3.15, 1.83, 3.12, 3.39, 3.37, 2.70, 4.73, 4.52, 4.75, 4.70, 4.71, 5.37, 4.16, 4.28, 4.50, 4.29, 4.26, 5.01, 4.29, 4.03, 1.35, 4.11, 4.88, 4.14, 1.32, 4.64, 4.04, 4.62, 4.87, 1.30, 4.77, 5.03, 5.26, 6.47, 5.78, 3.98, 3.99, 4.56, 1.61, 4.29, 5.69, 4.60, 5.40, 4.82, 4.92, 5.08, 4.93, 4.97, 5.21, 5.65, 1.67, 5.92, 5.61, 5.94, 5.23, 6.27, 6.87, 1.73, 7.24, 5.98, 6.66, 6.40, 5.62, 7.16, 5.84, 5.68, 7.68, 6.58, 6.64, 6.97, 6.35, 5.75, 5.58, 7.56, 9.14, 8.92, 9.94, 8.81, 7.95, 9.88, 14.84, 10.23, 11.98, 7.55, 13.42, 11.06, 19.24, 43.71, 39.16, 40.89
,エンゲージ率, 6.17%, 5.19%, 8.81%, 5.47%, 4.94%, 2.53%, 4.48%, 5.78%, 4.53%, 3.19%, 7.56%, 8.30%, 7.80%, 8.25%, 11.44%, 7.71%, 8.47%, 7.05%, 12.54%, 10.60%, 9.43%, 9.29%, 6.46%, 7.98%, 5.92%, 8.47%, 9.49%, 10.08%, 6.25%, 8.06%, 6.63%, 7.66%, 7.22%, 6.74%, 8.44%, 10.56%, 7.20%, 8.23%, 6.81%, 8.77%, 7.47%, 7.61%, 8.61%, 7.68%, 8.12%, 5.52%, 10.53%, 7.86%, 8.61%, 8.93%, 8.86%, 11.34%, 10.75%, 9.37%, 5.41%, 6.74%, 9.48%, 6.29%, 7.58%, 11.29%, 13.85%, 6.25%, 7.63%, 8.39%, 9.97%, 8.30%, 7.84%, 11.55%, 12.74%, 11.46%, 20.03%, 13.81%, 10.54%, 11.33%, 10.35%, 13.53%, 16.59%, 18.73%, 44.76%, 48.63%, 51.38%, 75.91%, 82.06%, 81.90%, 76.60%, 61.78%, 59.92%, 53.75%, 51.01%, 52.41%, 87.29%, 100.00%, 50.00%, 71.43%
,アクティブ率, 2.02%, 1.45%, 5.56%, 1.46%, 1.74%, 0.28%, 1.44%, 1.77%, 1.35%, 1.20%, 1.48%, 1.73%, 1.01%, 1.66%, 2.10%, 1.98%, 1.33%, 1.16%, 2.50%, 1.95%, 1.79%, 1.79%, 1.59%, 1.49%, 0.18%, 1.88%, 2.08%, 2.23%, 0.41%, 2.26%, 1.25%, 1.07%, 1.79%, 0.57%, 2.09%, 2.98%, 1.31%, 1.72%, 1.62%, 2.43%, 1.30%, 1.64%, 0.37%, 1.45%, 2.13%, 1.03%, 3.33%, 1.76%, 1.94%, 1.66%, 1.90%, 3.13%, 2.70%, 1.73%, 0.19%, 1.15%, 2.04%, 0.79%, 1.91%, 3.23%, 4.46%, 1.92%, 2.33%, 2.15%, 2.47%, 1.86%, 1.71%, 3.80%, 4.60%, 3.11%, 9.55%, 4.05%, 1.72%, 2.98%, 2.76%, 3.23%, 3.10%, 5.61%, 11.19%, 11.45%, 14.81%, 20.27%, 25.61%, 24.76%, 29.79%, 21.05%, 19.84%, 17.79%, 15.38%, 19.25%, 39.23%, 0.00%, 0.00%, 28.57%
,商品クリック率, 1.25%, 0.95%, 2.48%, 1.07%, 0.93%, 0.15%, 0.98%, 1.12%, 0.71%, 0.76%, 0.98%, 1.20%, 0.68%, 1.21%, 1.43%, 1.07%, 0.92%, 0.74%, 1.87%, 1.16%, 0.76%, 1.17%, 1.23%, 1.01%, 0.11%, 1.39%, 1.32%, 1.35%, 0.27%, 1.47%, 0.84%, 0.62%, 1.50%, 0.38%, 1.16%, 2.43%, 0.75%, 1.15%, 1.18%, 1.56%, 0.73%, 1.22%, 0.22%, 1.09%, 1.52%, 0.60%, 2.49%, 1.12%, 1.06%, 1.06%, 1.18%, 2.10%, 1.71%, 1.01%, 0.08%, 0.74%, 1.36%, 0.51%, 1.41%, 2.06%, 1.84%, 1.51%, 1.49%, 1.58%, 1.91%, 1.35%, 1.32%, 3.17%, 3.96%, 2.65%, 6.55%, 2.92%, 1.16%, 2.38%, 1.95%, 2.54%, 2.18%, 4.24%, 4.20%, 5.77%, 8.07%, 16.94%, 17.38%, 14.76%, 21.28%, 16.25%, 13.70%, 12.25%, 10.12%, 11.23%, 24.86%, 0.00%, 0.00%, 42.86%
,アウトストリーム商品クリック率, 1.25%, 0.95%, 2.48%, 1.07%, 0.93%, 0.15%, 0.98%, 1.12%, 0.71%, 0.76%, 0.96%, 1.20%, 0.68%, 1.21%, 1.43%, 1.07%, 0.92%, 0.74%, 1.87%, 1.16%, 0.76%, 1.17%, 1.23%, 1.01%, 0.11%, 1.39%, 1.32%, 1.35%, 0.27%, 1.47%, 0.84%, 0.60%, 1.50%, 0.38%, 1.16%, 2.42%, 0.75%, 1.15%, 1.18%, 1.56%, 0.73%, 1.26%, 0.22%, 1.09%, 1.52%, 0.60%, 2.49%, 1.12%, 1.06%, 1.06%, 1.18%, 2.10%, 1.71%, 1.03%, 0.08%, 0.74%, 1.36%, 0.51%, 1.41%, 2.06%, 1.84%, 1.51%, 1.49%, 1.58%, 1.91%, 1.35%, 1.32%, 3.17%, 3.96%, 2.65%, 6.55%, 2.92%, 1.16%, 2.38%, 1.95%, 2.54%, 2.18%, 4.24%, 4.20%, 5.77%, 8.07%, 16.94%, 17.38%, 14.76%, 21.28%, 16.25%, 13.70%, 12.25%, 10.12%, 4.28%, 24.86%, 0.00%, 0.00%, 42.86%
active,コメント参加率, 0.68%, 0.48%, 3.04%, 0.36%, 0.68%, 0.03%, 0.56%, 0.56%, 0.37%, 0.36%, 0.48%, 0.60%, 0.25%, 0.44%, 0.57%, 0.78%, 0.29%, 0.32%, 0.48%, 0.88%, 0.97%, 0.54%, 0.40%, 0.34%, 0.07%, 0.57%, 0.62%, 0.63%, 0.14%, 0.64%, 0.46%, 0.38%, 0.45%, 0.06%, 0.77%, 0.42%, 0.41%, 0.44%, 0.44%, 0.73%, 0.34%, 0.28%, 0.06%, 0.21%, 0.67%, 0.26%, 0.98%, 0.39%, 0.52%, 0.40%, 0.62%, 1.08%, 0.89%, 0.42%, 0.04%, 0.54%, 0.61%, 0.15%, 0.71%, 1.01%, 2.24%, 0.60%, 0.70%, 0.59%, 0.58%, 0.44%, 0.39%, 1.05%, 0.88%, 0.39%, 3.65%, 0.89%, 0.37%, 0.64%, 0.46%, 0.93%, 0.79%, 0.94%, 2.56%, 2.47%, 4.49%, 3.49%, 7.29%, 6.67%, 13.83%, 6.64%, 5.52%, 4.35%, 5.26%, 6.42%, 16.57%, 0.00%, 0.00%, 0.00%
,いいね率, 0.91%, 0.72%, 3.69%, 0.63%, 0.84%, 0.08%, 0.60%, 0.81%, 0.75%, 0.23%, 0.58%, 0.80%, 0.34%, 0.50%, 0.63%, 1.13%, 0.44%, 0.42%, 0.61%, 0.94%, 1.01%, 0.71%, 0.54%, 0.63%, 0.04%, 0.76%, 0.95%, 1.00%, 0.07%, 0.91%, 0.65%, 0.48%, 0.45%, 0.16%, 1.22%, 0.78%, 0.66%, 0.84%, 0.76%, 0.94%, 0.57%, 0.73%, 0.12%, 0.45%, 0.52%, 0.40%, 1.27%, 0.83%, 1.10%, 0.72%, 0.96%, 1.36%, 1.48%, 1.15%, 0.15%, 0.66%, 0.92%, 0.40%, 0.97%, 1.60%, 3.40%, 0.50%, 1.05%, 0.64%, 1.02%, 0.94%, 0.53%, 1.36%, 1.32%, 0.74%, 6.26%, 1.50%, 0.79%, 1.46%, 1.24%, 1.00%, 1.27%, 2.13%, 4.66%, 6.78%, 7.97%, 5.81%, 9.91%, 12.86%, 12.77%, 9.38%, 7.98%, 7.11%, 8.91%, 13.90%, 24.31%, 33.33%, 0.00%, 0.00%
,----------------------------------,,,,,,,,,,,,,,,,,,,,,,,,,,,,,,,,,,,,,,,,,,,,,,,,,,,,,,,,,,,,,,,,,,,,,,,,,,,,,,,,,,,,,,,,,,,,,,
,合計視聴時間,24152.14,18827.66,12917.37,17446.09,16773.23,9259.03,19017.1,20590.37,20693.75,12550.74,27768.8,24746.09,29847.99,29790.98,29472.92,29523.48,26340.87,24966.54,33080.4,25957.59,28645.25,32052.61,48641.8,26571.12,4991.9,19163.41,35216.44,29643.03,5274.43,27871.58,21385.87,39526.51,29489.5,5613.67,26719.31,39039.75,30856.71,32929.35,30902.96,23512.52,25751.17,36571.6,6693.7,28160.87,33061.15,20016.52,29901.5,28995.31,32789.04,31738.22,25915.08,26894.52,27289.5,16333.76,5869.3,29188.34,35253.3,32671.59,21599.97,36983.53,43095.01,5189.27,37780.78,40347.55,40624.65,32152.78,24772.05,41840.44,31652.94,24983.19,36746.19,25513.84,28570.71,37649.32,33996.94,31593.99,27232.66,52107.22,4048.92,10025.33,10047.28,5839.77,4643.33,2311.03,1528.34,4867.67,6363.06,2044.88,3570.79,2310.93,3559.28,131.12,78.32,286.24
,エンゲージ視聴者数, 345, 258, 217, 270, 224, 99, 233, 300, 235, 125, 362, 374, 410, 428, 583, 347, 440, 335, 758, 532, 506, 483, 321, 417, 163, 310, 552, 575, 183, 389, 276, 522, 352, 213, 372, 659, 336, 335, 295, 383, 378, 491, 277, 393, 378, 193, 474, 380, 462, 446, 369, 492, 458, 401, 142, 264, 482, 286, 258, 559, 730, 62, 327, 456, 500, 343, 280, 551, 579, 416, 822, 450, 373, 513, 468, 624, 691," 1,118", 192, 531, 503, 457, 439, 172, 72, 270, 293, 136, 126, 98, 158, 3, 1, 5
,アクティブ視聴者数, 113, 72, 137, 72, 79, 11, 75, 92, 70, 47, 71, 78, 53, 86, 107, 89, 69, 55, 151, 98, 96, 93, 79, 78, 5, 69, 121, 127, 12, 109, 52, 73, 87, 18, 92, 186, 61, 70, 70, 106, 66, 106, 12, 74, 99, 36, 150, 85, 104, 83, 79, 136, 115, 74, 5, 45, 104, 36, 65, 160, 235, 19, 100, 117, 124, 77, 61, 181, 209, 113, 392, 132, 61, 135, 125, 149, 129, 335, 48, 125, 145, 122, 137, 52, 28, 92, 97, 45, 38, 36, 71, 0, 0, 2
,---------------------------------------------------------,,,,,,,,,,,,,,,,,,,,,,,,,,,,,,,,,,,,,,,,,,,,,,,,,,,,,,,,,,,,,,,,,,,,,,,,,,,,,,,,,,,,,,,,,,,,,,
,商品クリックユーザー数, 70, 47, 61, 53, 42, 6, 51, 58, 37, 30, 47, 54, 36, 63, 73, 48, 48, 35, 113, 58, 41, 61, 61, 53, 3, 51, 77, 77, 8, 71, 35, 42, 73, 12, 51, 152, 35, 47, 51, 68, 37, 79, 7, 56, 71, 21, 112, 54, 57, 53, 49, 91, 73, 43, 2, 29, 69, 23, 48, 102, 97, 15, 64, 86, 96, 56, 47, 151, 180, 96, 269, 95, 41, 108, 88, 117, 91, 253, 18, 63, 79, 102, 93, 31, 20, 71, 67, 31, 25, 21, 45, 0, 0, 3
,アウトストリーム商品クリックユーザー数, 70, 47, 61, 53, 42, 6, 51, 58, 37, 30, 46, 54, 36, 63, 73, 48, 48, 35, 113, 58, 41, 61, 61, 53, 3, 51, 77, 77, 8, 71, 35, 41, 73, 12, 51, 151, 35, 47, 51, 68, 37, 81, 7, 56, 71, 21, 112, 54, 57, 53, 49, 91, 73, 44, 2, 29, 69, 23, 48, 102, 97, 15, 64, 86, 96, 56, 47, 151, 180, 96, 269, 95, 41, 108, 88, 117, 91, 253, 18, 63, 79, 102, 93, 31, 20, 71, 67, 31, 25, 8, 45, 0, 0, 3
,チャット参加ユーザー数, 38, 24, 83, 23, 38, 1, 39, 45, 26, 16, 33, 45, 17, 39, 38, 46, 20, 15, 42, 87, 72, 41, 29, 20, 2, 21, 69, 65, 4, 45, 27, 31, 30, 2, 36, 26, 19, 18, 19, 32, 17, 18, 2, 11, 31, 9, 44, 19, 28, 20, 26, 47, 38, 18, 1, 21, 31, 7, 24, 50, 118, 6, 30, 32, 29, 18, 14, 50, 40, 14, 150, 29, 13, 29, 21, 43, 33, 56, 11, 27, 44, 21, 39, 14, 13, 29, 27, 11, 13, 12, 30, 0, 0, 0
,いいねユーザー数, 51, 36, 91, 31, 38, 3, 31, 42, 39, 9, 28, 36, 18, 26, 32, 51, 23, 20, 37, 47, 54, 37, 27, 33, 1, 28, 55, 57, 2, 44, 27, 33, 22, 5, 54, 49, 31, 34, 33, 41, 29, 47, 4, 23, 24, 14, 57, 40, 59, 36, 40, 59, 63, 49, 4, 26, 47, 18, 33, 79, 179, 5, 45, 35, 51, 39, 19, 65, 60, 27, 257, 49, 28, 66, 56, 46, 53, 127, 20, 74, 78, 35, 53, 27, 12, 41, 39, 18, 22, 26, 44, 1, 0, 0
,----------------------------------,,,,,,,,,,,,,,,,,,,,,,,,,,,,,,,,,,,,,,,,,,,,,,,,,,,,,,,,,,,,,,,,,,,,,,,,,,,,,,,,,,,,,,,,,,,,,,
,商品カードクリック数, 190, 81, 100, 106, 55, 9, 133, 155, 92, 43, 76, 101, 52, 114, 107, 106, 60, 55, 199, 97, 69, 97, 115, 104, 13, 104, 123, 130, 11, 106, 80, 100, 132, 23, 113, 288, 55, 78, 97, 113, 62, 137, 15, 128, 122, 51, 256, 93, 95, 93, 74, 240, 145, 73, 6, 88, 130, 48, 81, 209, 178, 22, 121, 146, 204, 142, 68, 439, 448, 155, 542, 172, 72, 290, 200, 271, 179, 641, 38, 129, 170, 168, 167, 63, 63, 110, 153, 42, 45, 65, 91, 0, 0, 4
,アウトストリーム商品カードクリック数, 190, 80, 100, 106, 55, 9, 133, 155, 92, 43, 74, 101, 52, 114, 107, 106, 60, 55, 199, 98, 68, 97, 115, 104, 13, 104, 123, 130, 11, 106, 80, 99, 132, 23, 113, 287, 55, 78, 97, 113, 62, 138, 15, 128, 122, 51, 256, 92, 95, 93, 74, 240, 145, 73, 6, 88, 129, 48, 81, 209, 178, 22, 121, 146, 204, 142, 68, 441, 449, 155, 542, 172, 72, 290, 200, 271, 179, 641, 38, 129, 170, 168, 167, 63, 63, 110, 153, 42, 45, 17, 91, 0, 0, 4
,チャット数, 486, 203, 895, 90, 162, 1, 158, 233, 96, 73, 211, 211, 58, 148, 165, 236, 83, 93, 147, 619, 454, 108, 167, 113, 3, 150, 284, 329, 5, 256, 144, 191, 160, 3, 323, 223, 133, 84, 251, 370, 96, 107, 15, 80, 99, 36, 227, 143, 147, 120, 141, 256, 154, 49, 1, 224, 230, 66, 173, 254," 1,132", 13, 188, 253, 105, 70, 152, 343, 147, 50," 1,535", 92, 25, 110, 97, 113, 286, 206, 52, 77, 107, 72, 110, 75, 85, 120, 80, 31, 19, 19, 179, 0, 0, 0
,いいね数," 48,958"," 12,561"," 12,174"," 4,389"," 43,035", 110," 1,783"," 30,050"," 5,748", 626," 1,580"," 3,355"," 4,961"," 1,404"," 3,397"," 36,672"," 3,308"," 1,357"," 1,031"," 5,182"," 20,565"," 2,225"," 6,080"," 7,174", 132," 4,340"," 6,588"," 5,369", 137," 4,157"," 2,027"," 6,540", 718, 5," 51,800"," 1,909"," 2,145"," 1,210"," 1,586"," 3,709"," 2,051"," 1,476", 141, 391, 314, 369," 2,589"," 26,177"," 1,638"," 1,423"," 1,076"," 1,930"," 2,573"," 3,115", 24," 31,002"," 26,186"," 1,138"," 16,997"," 7,497"," 48,045", 254," 3,383", 635," 2,107"," 2,201"," 16,956"," 3,682"," 2,085", 322," 76,511", 856, 712," 1,656"," 6,672", 665," 9,105"," 7,022"," 1,142", 671, 539, 265," 1,297", 235, 138, 431, 558, 180, 282," 1,430"," 5,892", 3, 0, 0
active_repeat,ライブ視聴者数 (1秒以上), 352, 335, 123, 288, 258, 194, 337, 283, 327, 207, 292, 299, 357, 334, 304, 282, 284, 281, 328, 300, 335, 290, 295, 262, 164, 216, 316,, 136, 240, 203, 312, 248, 154, 231, 320, 207, 190, 214, 201, 218, 243, 104, 223, 239, 151, 269, 198, 244, 212, 217, 204, 192, 176, 101, 129, 180, 126, 160, 182, 214, 71, 140, 174, 167, 169, 96, 141, 120, 116, 141, 120, 72, 105, 77, 88, 80, 72, 28, 54, 51, 34, 14, 21, 9, 16, 16, 9, 14, 6, 2, 3, 2, 1
,ライブ視聴者数 (3秒以上), 317, 289, 106, 258, 241, 168, 301, 258, 291, 185, 246, 262, 321, 290, 267, 247, 246, 243, 280, 262, 283, 251, 253, 221, 131, 180, 270,, 111, 202, 168, 260, 214, 128, 195, 271, 176, 155, 183, 163, 190, 215, 92, 195, 211, 138, 230, 172, 224, 191, 181, 179, 166, 157, 79, 114, 165, 114, 140, 167, 195, 48, 127, 148, 146, 156, 81, 124, 105, 103, 136, 111, 68, 101, 73, 83, 74, 71, 28, 54, 49, 33, 13, 20, 8, 16, 15, 9, 14, 6, 2, 3, 2, 1
,最大同時接続者数,0,0,0,0,0,0,0,0,0,0,0,0,0,0,0,0,0,0,0,0,0,0,0,0,0,0,0,,0,0,0,0,0,0,0,0,0,0,0,0,0,0,0,0,0,0,0,0,0,0,0,0,0,0,0,0,0,0,0,0,0,0,0,0,0,0,0,0,0,0,0,0,0,0,0,0,0,0,0,0,0,0,0,0,0,0,0,0,0,0,0,0,0,0
,ユニーク平均視聴分数, 9.82, 8.87, 7.44, 7.58, 7.92, 1.81, 9.23, 8.69, 9.00, 8.61, 7.39, 8.26, 10.82, 10.67, 8.40, 11.31, 7.51, 7.70, 11.71, 10.74, 9.35, 10.35, 10.31, 11.42, 7.47, 9.67, 11.63,, 10.89, 15.74, 11.99, 10.37, 12.69, 6.72, 10.70, 14.95, 13.67, 18.92, 19.98, 10.76, 7.51, 12.64, 5.97, 7.48, 12.07, 8.36, 7.98, 7.27, 8.89, 7.33, 10.49, 9.25, 10.99, 7.16, 2.04, 10.20, 9.04, 6.63, 8.40, 11.91, 12.58, 2.45, 10.85, 10.30, 12.39, 9.07, 6.94, 15.83, 12.05, 12.01, 12.16, 9.36, 11.80, 13.58, 8.46, 15.54, 12.87, 18.07, 16.13, 20.87, 21.49, 23.31, 29.76, 19.01, 27.62, 21.56, 22.03, 43.96, 31.61, 16.45, 41.77, 43.71, 39.16, 41.00
,エンゲージ率, 20.82%, 16.61%, 11.32%, 17.44%, 13.28%, 4.17%, 17.61%, 18.99%, 13.40%, 11.35%, 17.89%, 20.99%, 21.18%, 15.52%, 17.23%, 20.24%, 26.83%, 13.17%, 25.71%, 20.61%, 24.38%, 21.51%, 13.04%, 26.24%, 9.92%, 24.44%, 19.63%,, 11.71%, 16.34%, 19.05%, 21.92%, 22.90%, 11.72%, 26.67%, 28.41%, 20.45%, 25.16%, 25.68%, 19.02%, 23.68%, 24.65%, 17.39%, 18.46%, 22.27%, 26.09%, 34.35%, 22.67%, 27.23%, 28.27%, 29.28%, 30.17%, 29.52%, 34.39%, 15.19%, 18.42%, 30.30%, 24.56%, 25.00%, 32.93%, 30.77%, 12.50%, 26.77%, 37.16%, 37.67%, 41.67%, 32.10%, 38.71%, 39.05%, 47.57%, 44.85%, 53.15%, 38.24%, 40.59%, 42.47%, 53.01%, 58.11%, 64.79%, 89.29%, 77.78%, 75.51%, 87.88%, 100.00%, 90.00%, 87.50%, 93.75%, 86.67%, 88.89%, 71.43%, 66.67%, 100.00%, 100.00%, 50.00%, 100.00%
,アクティブ率, 10.73%, 7.61%, 9.43%, 8.53%, 6.22%, 1.19%, 7.31%, 10.85%, 6.87%, 5.95%, 8.13%, 7.25%, 3.43%, 6.21%, 5.99%, 8.50%, 7.72%, 4.94%, 9.64%, 5.73%, 9.54%, 6.77%, 8.30%, 13.57%, 0.76%, 11.11%, 7.78%,, 2.70%, 10.40%, 7.74%, 5.77%, 10.28%, 1.56%, 11.28%, 14.39%, 9.09%, 11.61%, 10.93%, 8.59%, 8.42%, 10.70%, 0.00%, 9.23%, 10.90%, 12.32%, 13.04%, 10.47%, 9.82%, 9.42%, 14.36%, 15.08%, 12.05%, 13.38%, 1.27%, 11.40%, 10.91%, 8.77%, 13.57%, 16.77%, 13.33%, 8.33%, 14.96%, 16.22%, 16.44%, 18.59%, 11.11%, 16.94%, 18.10%, 20.39%, 20.59%, 19.82%, 11.76%, 16.83%, 19.18%, 22.89%, 16.22%, 29.58%, 32.14%, 20.37%, 28.57%, 21.21%, 38.46%, 40.00%, 37.50%, 37.50%, 33.33%, 33.33%, 42.86%, 16.67%, 50.00%, 0.00%, 0.00%, 0.00%
,商品クリック率, 5.36%, 3.81%, 3.77%, 5.04%, 3.73%, 0.00%, 3.65%, 5.81%, 2.06%, 1.62%, 5.28%, 3.82%, 2.49%, 3.10%, 4.12%, 2.83%, 5.28%, 2.06%, 5.36%, 2.29%, 4.24%, 2.79%, 4.35%, 5.43%, 0.00%, 7.22%, 2.59%,, 1.80%, 5.94%, 3.57%, 3.85%, 7.48%, 0.78%, 4.62%, 11.07%, 3.98%, 3.87%, 4.92%, 4.29%, 4.21%, 7.44%, 0.00%, 5.64%, 4.27%, 5.07%, 10.43%, 4.65%, 6.70%, 3.66%, 8.29%, 11.73%, 6.63%, 7.01%, 0.00%, 6.14%, 4.85%, 5.26%, 8.57%, 10.78%, 6.15%, 4.17%, 8.66%, 11.49%, 12.33%, 14.10%, 4.94%, 15.32%, 12.38%, 14.56%, 13.97%, 11.71%, 7.35%, 14.85%, 9.59%, 13.25%, 13.51%, 21.13%, 10.71%, 9.26%, 16.33%, 15.15%, 30.77%, 20.00%, 25.00%, 18.75%, 20.00%, 33.33%, 42.86%, 16.67%, 0.00%, 0.00%, 0.00%, 0.00%
,アウトストリーム商品クリック率, 5.36%, 3.81%, 3.77%, 5.04%, 3.73%, 0.00%, 3.65%, 5.81%, 2.06%, 1.62%, 4.88%, 3.82%, 2.49%, 3.10%, 4.12%, 2.83%, 5.28%, 2.06%, 5.36%, 2.29%, 4.24%, 2.79%, 4.35%, 5.43%, 0.00%, 7.22%, 2.59%,, 1.80%, 5.94%, 3.57%, 3.85%, 7.48%, 0.78%, 4.62%, 11.07%, 3.98%, 3.87%, 4.92%, 4.29%, 4.21%, 7.44%, 0.00%, 5.64%, 4.27%, 5.07%, 10.43%, 4.65%, 6.70%, 3.66%, 8.29%, 11.73%, 6.63%, 7.01%, 0.00%, 6.14%, 4.85%, 5.26%, 8.57%, 10.78%, 6.15%, 4.17%, 8.66%, 11.49%, 12.33%, 14.10%, 4.94%, 15.32%, 12.38%, 14.56%, 13.97%, 11.71%, 7.35%, 14.85%, 9.59%, 13.25%, 13.51%, 21.13%, 10.71%, 9.26%, 16.33%, 15.15%, 30.77%, 20.00%, 25.00%, 18.75%, 20.00%, 33.33%, 42.86%, 16.67%, 0.00%, 0.00%, 0.00%, 0.00%
,コメント参加率, 6.62%, 5.19%, 2.83%, 3.49%, 2.49%, 0.00%, 3.99%, 5.43%, 3.44%, 4.32%, 4.07%, 3.05%, 1.56%, 4.48%, 2.62%, 5.26%, 4.07%, 2.88%, 3.93%, 3.44%, 6.01%, 3.19%, 4.35%, 4.07%, 0.00%, 6.11%, 4.07%,, 1.80%, 5.94%, 4.17%, 3.08%, 5.14%, 0.78%, 5.64%, 4.80%, 4.55%, 5.16%, 6.01%, 4.29%, 4.21%, 1.86%, 0.00%, 3.59%, 4.27%, 5.80%, 5.65%, 2.33%, 2.68%, 4.71%, 7.18%, 7.26%, 6.63%, 3.82%, 0.00%, 8.77%, 6.06%, 2.63%, 8.57%, 9.58%, 7.18%, 2.08%, 4.72%, 8.11%, 6.16%, 4.49%, 6.17%, 6.45%, 4.76%, 6.80%, 5.88%, 7.21%, 4.41%, 4.95%, 6.85%, 10.84%, 4.05%, 9.86%, 10.71%, 7.41%, 12.24%, 0.00%, 23.08%, 10.00%, 25.00%, 0.00%, 13.33%, 33.33%, 21.43%, 16.67%, 0.00%, 0.00%, 0.00%, 0.00%
,いいね率, 7.26%, 5.54%, 7.55%, 5.43%, 2.90%, 1.19%, 4.65%, 5.81%, 4.12%, 1.62%, 4.47%, 5.34%, 1.56%, 4.14%, 1.50%, 6.07%, 4.07%, 3.70%, 3.93%, 2.67%, 6.71%, 4.78%, 5.93%, 7.69%, 0.76%, 6.67%, 5.19%,, 0.90%, 5.45%, 5.36%, 4.62%, 4.21%, 1.56%, 9.23%, 5.54%, 6.82%, 7.74%, 9.29%, 4.29%, 5.79%, 5.12%, 0.00%, 5.13%, 5.21%, 6.52%, 6.52%, 7.56%, 6.25%, 4.71%, 7.73%, 8.94%, 7.23%, 9.55%, 1.27%, 8.77%, 8.48%, 5.26%, 8.57%, 10.18%, 11.28%, 4.17%, 6.30%, 7.43%, 8.90%, 10.26%, 4.94%, 8.06%, 9.52%, 9.71%, 13.24%, 10.81%, 10.29%, 5.94%, 12.33%, 10.84%, 5.41%, 9.86%, 17.86%, 11.11%, 20.41%, 9.09%, 15.38%, 30.00%, 25.00%, 18.75%, 26.67%, 22.22%, 35.71%, 0.00%, 50.00%, 33.33%, 0.00%, 0.00%
,--------------------------------------------------------,,,,,,,,,,,,,,,,,,,,,,,,,,,,,,,,,,,,,,,,,,,,,,,,,,,,,,,,,,,,,,,,,,,,,,,,,,,,,,,,,,,,,,,,,,,,,,
,Total Watched Minutes,3457.46,2972.21,915.69,2181.81,2042.69,350.64,3110.9,2460.33,2943.04,1782.35,2158.35,2468.71,3862.12,3565.25,2553.2,3189.7,2131.45,2164.47,3841.94,3223.08,3132.01,3002.41,6059.21,2991.59,1224.82,2088.6,3675.21,,1481.39,3776.75,2433.78,3236.09,3147.9,1035.07,2471.12,4784.68,2830.31,3593.86,4276.55,2162.616667,1636.77,3071.43,620.9,1668.14,2885.26,1262.67,2146.5,1440.1,2170.18,1553.09,2275.49,1885.98,2110.97,1259.97,205.88,1316.09,1627.92,834.97,1343.82,2167.52,2691.18,173.95,1518.94,1791.53,2068.64,1532.82,666.21,2232,1446.5,1392.58,1715.16,1123.63,849.45,1425.97,651.59,1367.5,1029.55,1301.35,451.63,1126.76,1096.19,792.46,416.6,399.19,248.61,344.91,352.41,395.68,442.54,98.72,83.53,131.12,78.32,41
,Visitors With Engaged Views, 66, 48, 12, 45, 32, 7, 53, 49, 39, 21, 44, 55, 68, 45, 46, 50, 66, 32, 72, 54, 69, 54, 33, 58, 13, 44, 53,, 13, 33, 32, 57, 49, 15, 52, 77, 36, 39, 47, 31, 45, 53, 16, 36, 47, 36, 79, 39, 61, 54, 53, 54, 49, 54, 12, 21, 50, 28, 35, 55, 60, 6, 34, 55, 55, 65, 26, 48, 41, 49, 61, 59, 26, 41, 31, 44, 43, 46, 25, 42, 37, 29, 13, 18, 7, 15, 13, 8, 10, 4, 2, 3, 1, 1
,Visitors With Active Views, 34, 22, 10, 22, 15, 2, 22, 28, 20, 11, 20, 19, 11, 18, 16, 21, 19, 12, 27, 15, 27, 17, 21, 30, 1, 20, 21,, 3, 21, 13, 15, 22, 2, 22, 39, 16, 18, 20, 14, 16, 23, 0, 18, 23, 17, 30, 18, 22, 18, 26, 27, 20, 21, 1, 13, 18, 10, 19, 28, 26, 4, 19, 24, 24, 29, 9, 21, 19, 21, 28, 22, 8, 17, 14, 19, 12, 21, 9, 11, 14, 7, 5, 8, 3, 6, 5, 3, 6, 1, 1, 0, 0, 0
,---------------------------------------------------------,,,,,,,,,,,,,,,,,,,,,,,,,,,,,,,,,,,,,,,,,,,,,,,,,,,,,,,,,,,,,,,,,,,,,,,,,,,,,,,,,,,,,,,,,,,,,,
,商品クリックユーザー数, 17, 11, 4, 13, 9, 0, 11, 15, 6, 3, 13, 10, 8, 9, 11, 7, 13, 5, 15, 6, 12, 7, 11, 12, 0, 13, 7,, 2, 12, 6, 10, 16, 1, 9, 30, 7, 6, 9, 7, 8, 16, 0, 11, 9, 7, 24, 8, 15, 7, 15, 21, 11, 11, 0, 7, 8, 6, 12, 18, 12, 2, 11, 17, 18, 22, 4, 19, 13, 15, 19, 13, 5, 15, 7, 11, 10, 15, 3, 5, 8, 5, 4, 4, 2, 3, 3, 3, 6, 1, 0, 0, 0, 0
,アウトストリーム商品クリックユーザー数, 17, 11, 4, 13, 9, 0, 11, 15, 6, 3, 12, 10, 8, 9, 11, 7, 13, 5, 15, 6, 12, 7, 11, 12, 0, 13, 7,, 2, 12, 6, 10, 16, 1, 9, 30, 7, 6, 9, 7, 8, 16, 0, 11, 9, 7, 24, 8, 15, 7, 15, 21, 11, 11, 0, 7, 8, 6, 12, 18, 12, 2, 11, 17, 18, 22, 4, 19, 13, 15, 19, 13, 5, 15, 7, 11, 10, 15, 3, 5, 8, 5, 4, 4, 2, 3, 3, 3, 6, 1, 0, 0, 0, 0
,チャット参加ユーザー数, 21, 15, 3, 9, 6, 0, 12, 14, 10, 8, 10, 8, 5, 13, 7, 13, 10, 7, 11, 9, 17, 8, 11, 9, 0, 11, 11,, 2, 12, 7, 8, 11, 1, 11, 13, 8, 8, 11, 7, 8, 4, 0, 7, 9, 8, 13, 4, 6, 9, 13, 13, 11, 6, 0, 10, 10, 3, 12, 16, 14, 1, 6, 12, 9, 7, 5, 8, 5, 7, 8, 8, 3, 5, 5, 9, 3, 7, 3, 4, 6, 0, 3, 2, 2, 0, 2, 3, 3, 1, 0, 0, 0, 0
,いいねユーザー数, 23, 16, 8, 14, 7, 2, 14, 15, 12, 3, 11, 14, 5, 12, 4, 15, 10, 9, 11, 7, 19, 12, 15, 17, 1, 12, 14,, 1, 11, 9, 12, 9, 2, 18, 15, 12, 12, 17, 7, 11, 11, 0, 10, 11, 9, 15, 13, 14, 9, 14, 16, 12, 15, 1, 10, 14, 6, 12, 17, 22, 2, 8, 11, 13, 16, 4, 10, 10, 10, 18, 12, 7, 6, 9, 9, 4, 7, 5, 6, 10, 3, 2, 6, 2, 3, 4, 2, 5, 0, 1, 1, 0, 0
,----------------------------------------------------------,,,,,,,,,,,,,,,,,,,,,,,,,,,,,,,,,,,,,,,,,,,,,,,,,,,,,,,,,,,,,,,,,,,,,,,,,,,,,,,,,,,,,,,,,,,,,,
,商品カードクリック数, 55, 18, 9, 32, 11, 0, 43, 45, 11, 4, 35, 26, 8, 14, 20, 8, 19, 10, 25, 12, 22, 11, 29, 23, 0, 31, 18,, 5, 25, 18, 14, 31, 1, 18, 78, 22, 14, 20, 25, 16, 27, 0, 37, 17, 25, 54, 17, 34, 12, 27, 87, 35, 24, 0, 45, 19, 15, 23, 55, 39, 2, 32, 29, 62, 70, 14, 49, 39, 34, 33, 31, 10, 34, 19, 36, 26, 48, 7, 7, 29, 13, 11, 5, 6, 4, 6, 4, 19, 5, 0, 0, 0, 0
,アウトストリーム商品カードクリック数, 55, 17, 9, 32, 11, 0, 43, 45, 11, 4, 33, 26, 8, 14, 20, 8, 19, 10, 25, 12, 21, 11, 29, 23, 0, 31, 18,, 5, 25, 18, 14, 31, 1, 18, 78, 22, 14, 20, 25, 16, 29, 0, 37, 17, 25, 54, 17, 34, 12, 27, 87, 35, 23, 0, 45, 19, 15, 23, 55, 39, 2, 32, 29, 62, 70, 14, 49, 39, 34, 33, 31, 10, 34, 19, 36, 26, 48, 7, 7, 29, 13, 11, 5, 6, 4, 6, 4, 19, 1, 0, 0, 0, 0
,チャット数, 379, 135, 7, 45, 32, 0, 73, 140, 66, 48, 141, 77, 35, 111, 40, 100, 73, 62, 63, 76, 185, 48, 100, 43, 0, 95, 78,, 2, 103, 63, 133, 88, 2, 109, 131, 81, 59, 141, 33, 72, 26, 0, 74, 30, 35, 75, 13, 33, 95, 59, 71, 39, 24, 0, 59, 85, 22, 85, 62, 187, 5, 28, 63, 42, 20, 20, 40, 13, 39, 21, 15, 8, 6, 17, 22, 46, 15, 15, 15, 22, 0, 12, 27, 13, 0, 2, 6, 4, 1, 0, 0, 0, 0
,いいね数," 35,615"," 7,803", 179," 2,011", 570, 109," 1,087"," 23,254"," 3,471", 326," 1,474"," 1,102", 156," 1,221", 70," 4,687"," 3,258"," 1,316", 462, 524," 1,975", 700, 997, 400, 132," 3,852", 613,, 110," 1,805"," 1,177"," 2,729", 148, 2," 2,917"," 1,519", 928, 135," 1,231", 762," 1,904", 136, 0, 293, 209, 238, 484, 538, 176, 519, 217, 304, 777, 198, 7," 20,408"," 21,820", 466," 1,306"," 4,295"," 14,272", 9, 147, 426," 1,056", 754, 314, 785, 400, 164," 3,569", 139, 392, 85, 735, 259, 473, 444, 697, 34, 52, 11, 388, 107, 59, 9, 14, 7, 87, 0, 1, 3, 0, 0
replay,ライブ視聴者数 (1秒以上)," 10,108"," 39,160"," 12,094"," 12,884"," 24,403"," 18,764"," 27,395"," 6,429"," 21,553"," 8,812"," 3,782"," 17,209"," 24,256"," 10,119"," 13,029"," 39,580"," 30,319"," 19,125"," 7,224"," 8,450"," 11,365"," 21,078"," 9,574"," 5,751", 229," 5,529"," 5,299"," 17,156", 253," 10,748"," 3,689"," 4,221"," 3,920", 109," 25,746"," 9,412"," 21,097"," 22,949"," 6,260"," 10,716"," 4,884"," 7,272", 192," 9,965"," 7,154"," 2,755"," 5,486"," 3,567"," 25,391"," 4,879"," 22,238"," 20,251"," 24,694"," 21,907", 178," 2,565"," 1,153"," 1,213"," 3,159"," 4,616"," 1,814", 265," 4,706"," 13,296"," 19,876"," 2,281"," 3,171"," 2,752"," 11,103"," 54,811"," 6,326"," 10,026"," 10,137"," 4,203"," 28,001"," 1,668"," 5,819"," 7,595"," 1,341"," 2,303"," 2,530"," 5,229"," 3,671"," 2,478"," 2,633"," 49,364", 604," 10,075", 955," 2,154"," 1,844", 31, 16, 24
,ライブ視聴者数 (3秒以上)," 3,964"," 8,563"," 3,940"," 5,527"," 7,841"," 4,761"," 9,125"," 2,645"," 6,395"," 3,698"," 2,486"," 6,950"," 9,571"," 4,802"," 6,202"," 16,503"," 10,124"," 7,809"," 4,103"," 5,063"," 7,954"," 7,844"," 4,603"," 3,363", 148," 3,843"," 3,400"," 7,543", 179," 5,311"," 2,633"," 3,134"," 2,973", 82," 11,637"," 5,235"," 7,542"," 7,903"," 2,889"," 4,030"," 2,919"," 2,823", 125," 3,653"," 3,327"," 1,023"," 2,090"," 1,833"," 12,338"," 2,663"," 6,059"," 2,804"," 1,183"," 2,130", 82, 434, 910, 914," 2,293"," 3,218"," 1,409", 172," 2,548"," 9,244"," 7,644"," 1,720"," 2,290"," 2,013"," 5,694"," 40,151"," 4,206"," 5,047"," 4,548"," 2,398"," 10,435"," 1,277"," 4,398"," 6,060"," 1,075"," 1,892"," 2,138"," 4,243"," 2,682"," 1,309", 876," 36,179", 443," 6,741", 562," 1,445"," 1,315", 25, 11, 17
,最大同時接続者数,0,0,0,0,0,0,0,0,0,0,0,0,0,0,0,0,0,0,0,0,0,0,0,0,0,0,0,0,0,0,0,0,0,0,0,0,0,0,0,0,0,0,0,0,0,0,0,0,0,0,0,0,0,0,0,0,0,0,0,0,0,0,0,0,0,0,0,0,0,0,0,0,0,0,0,0,0,0,0,0,0,0,0,0,0,0,0,0,0,0,0,0,0,0
,平均視聴分数, 0.52, 0.14, 0.28, 0.46, 0.24, 0.08, 0.22, 0.60, 0.23, 0.49, 0.96, 0.34, 0.27, 0.56, 0.58, 0.24, 0.21, 0.32, 0.84, 0.97, 0.93, 0.28, 0.52, 0.88, 1.14, 0.91, 1.00, 0.42, 0.84, 0.60, 0.93, 1.35, 1.57, 1.86, 0.38, 1.21, 0.31, 0.29, 0.75, 0.53, 0.86, 0.72, 0.66, 0.70, 0.97, 0.76, 1.58, 1.10, 0.42, 1.19, 0.30, 0.50, 0.29, 0.33, 0.48, 0.88, 3.96, 3.19, 1.28, 1.75, 3.64, 0.36, 1.04, 0.88, 0.41, 1.80, 1.18, 2.95, 1.19, 0.82, 1.79, 0.83, 0.49, 1.25, 0.40, 3.75, 1.21, 2.64, 1.89, 3.65, 4.18, 3.15, 2.62, 1.33, 0.62, 1.01, 2.70, 0.78, 1.24, 1.51, 1.63, 4.08, 1.93, 1.41
,エンゲージ率, 8.48%, 3.60%, 5.20%, 7.04%, 5.34%, 1.81%, 3.50%, 8.24%, 4.94%, 3.54%, 11.79%, 9.38%, 7.69%, 11.64%, 13.77%, 6.03%, 7.65%, 7.86%, 18.40%, 13.25%, 8.41%, 6.67%, 7.04%, 9.10%, 6.76%, 13.30%, 10.12%, 8.68%, 5.03%, 14.61%, 9.30%, 11.39%, 17.36%, 3.66%, 8.65%, 19.94%, 10.47%, 10.36%, 13.46%, 12.88%, 14.25%, 15.44%, 11.20%, 10.35%, 13.92%, 6.84%, 29.33%, 15.33%, 6.38%, 16.71%, 8.73%, 26.64%, 48.01%, 25.21%, 7.32%, 19.59%, 43.63%, 28.77%, 18.93%, 22.62%, 38.11%, 4.65%, 12.91%, 10.86%, 10.58%, 21.80%, 12.93%, 33.43%, 28.17%, 10.29%, 32.29%, 21.44%, 19.11%, 26.73%, 12.76%, 38.21%, 26.28%, 28.22%, 51.91%, 60.15%, 64.31%, 59.53%, 68.49%, 51.26%, 37.21%, 58.95%, 61.85%, 4.39%, 37.01%, 27.27%, 33.61%, 48.00%, 27.27%, 52.94%
,アクティブ率, 0.98%, 0.76%, 1.37%, 1.50%, 0.55%, 0.21%, 0.32%, 1.10%, 0.95%, 0.54%, 1.25%, 1.61%, 0.82%, 1.48%, 1.44%, 0.45%, 0.62%, 0.74%, 1.95%, 1.74%, 0.45%, 0.54%, 0.89%, 1.25%, 0.00%, 1.67%, 0.94%, 1.02%, 0.00%, 1.58%, 1.18%, 0.96%, 2.93%, 0.00%, 0.83%, 3.65%, 1.64%, 1.27%, 1.49%, 3.00%, 1.47%, 3.19%, 0.00%, 2.16%, 2.86%, 0.78%, 6.46%, 2.13%, 1.22%, 1.80%, 0.92%, 4.92%, 7.27%, 3.33%, 0.00%, 5.99%, 5.05%, 2.41%, 2.70%, 2.80%, 3.69%, 0.00%, 2.00%, 0.67%, 1.33%, 3.95%, 1.48%, 6.81%, 6.69%, 0.37%, 6.40%, 3.80%, 1.25%, 4.80%, 1.93%, 6.50%, 2.07%, 7.56%, 5.40%, 9.78%, 9.92%, 9.36%, 11.37%, 5.58%, 5.37%, 3.87%, 5.64%, 0.76%, 4.27%, 2.84%, 3.65%, 8.00%, 0.00%, 11.76%
,商品クリック率, 0.68%, 0.64%, 0.74%, 1.25%, 0.31%, 0.17%, 0.23%, 0.83%, 0.81%, 0.46%, 0.97%, 1.45%, 0.56%, 1.17%, 1.19%, 0.35%, 0.49%, 0.54%, 1.49%, 1.50%, 0.36%, 0.42%, 0.59%, 1.10%, 0.00%, 1.35%, 0.79%, 0.73%, 0.00%, 1.32%, 1.14%, 0.73%, 2.66%, 0.00%, 0.62%, 3.29%, 1.34%, 0.95%, 1.25%, 2.56%, 0.86%, 2.69%, 0.00%, 1.92%, 2.55%, 0.29%, 5.45%, 1.47%, 1.03%, 1.24%, 0.69%, 3.96%, 5.75%, 2.54%, 0.00%, 5.53%, 3.85%, 1.31%, 2.57%, 2.05%, 2.63%, 0.00%, 1.77%, 0.48%, 1.05%, 3.43%, 1.05%, 6.16%, 6.38%, 0.28%, 5.49%, 3.37%, 0.92%, 4.00%, 1.68%, 5.32%, 1.27%, 6.83%, 3.26%, 5.23%, 7.20%, 7.85%, 10.48%, 4.05%, 3.42%, 3.26%, 4.74%, 0.64%, 2.14%, 2.08%, 2.66%, 16.00%, 18.18%, 11.76%
,アウトストリーム商品クリック率, 0.68%, 0.63%, 0.74%, 1.25%, 0.31%, 0.17%, 0.23%, 0.83%, 0.81%, 0.46%, 0.97%, 1.45%, 0.56%, 1.17%, 1.19%, 0.35%, 0.49%, 0.54%, 1.49%, 1.50%, 0.36%, 0.42%, 0.59%, 1.10%, 0.00%, 1.35%, 0.79%, 0.73%, 0.00%, 1.32%, 1.14%, 0.73%, 2.66%, 0.00%, 0.62%, 3.29%, 1.34%, 0.95%, 1.25%, 2.56%, 0.86%, 2.55%, 0.00%, 1.92%, 2.55%, 0.29%, 5.45%, 1.47%, 1.03%, 1.24%, 0.69%, 3.96%, 5.75%, 2.54%, 0.00%, 5.53%, 3.85%, 1.31%, 2.57%, 2.05%, 2.63%, 0.00%, 1.77%, 0.48%, 1.05%, 3.43%, 1.05%, 6.16%, 6.38%, 0.28%, 5.49%, 3.37%, 0.92%, 4.00%, 1.68%, 5.32%, 1.27%, 6.83%, 3.26%, 5.23%, 7.20%, 7.85%, 10.48%, 4.05%, 3.42%, 3.26%, 4.74%, 0.64%, 2.14%, 0.69%, 2.66%, 16.00%, 18.18%, 11.76%
,コメント参加率, 0.00%, 0.00%, 0.00%, 0.00%, 0.00%, 0.00%, 0.00%, 0.00%, 0.00%, 0.00%, 0.00%, 0.00%, 0.00%, 0.00%, 0.00%, 0.00%, 0.00%, 0.00%, 0.00%, 0.00%, 0.00%, 0.00%, 0.00%, 0.00%, 0.00%, 0.00%, 0.00%, 0.00%, 0.00%, 0.00%, 0.00%, 0.00%, 0.00%, 0.00%, 0.00%, 0.00%, 0.00%, 0.00%, 0.00%, 0.00%, 0.00%, 0.00%, 0.00%, 0.00%, 0.00%, 0.00%, 0.00%, 0.00%, 0.00%, 0.00%, 0.00%, 0.00%, 0.00%, 0.00%, 0.00%, 0.00%, 0.00%, 0.00%, 0.00%, 0.00%, 0.00%, 0.00%, 0.00%, 0.00%, 0.00%, 0.00%, 0.00%, 0.00%, 0.00%, 0.00%, 0.00%, 0.00%, 0.00%, 0.00%, 0.00%, 0.00%, 0.00%, 0.00%, 0.00%, 0.00%, 0.00%, 0.00%, 0.00%, 0.00%, 0.00%, 0.00%, 0.00%, 0.00%, 0.00%, 0.00%, 0.00%, 0.00%, 0.00%, 0.00%
,いいね率, 0.00%, 0.00%, 0.00%, 0.00%, 0.00%, 0.00%, 0.00%, 0.00%, 0.00%, 0.00%, 0.00%, 0.00%, 0.00%, 0.00%, 0.00%, 0.01%, 0.00%, 0.00%, 0.00%, 0.02%, 0.01%, 0.00%, 0.00%, 0.00%, 0.00%, 0.00%, 0.00%, 0.00%, 0.00%, 0.00%, 0.00%, 0.00%, 0.03%, 0.00%, 0.01%, 0.00%, 0.00%, 0.00%, 0.00%, 0.02%, 0.00%, 0.00%, 0.00%, 0.00%, 0.00%, 0.00%, 0.00%, 0.00%, 0.00%, 0.00%, 0.02%, 0.04%, 0.00%, 0.00%, 0.00%, 0.00%, 0.00%, 0.00%, 0.00%, 0.00%, 0.07%, 0.00%, 0.00%, 0.00%, 0.03%, 0.06%, 0.00%, 0.00%, 0.00%, 0.00%, 0.12%, 0.02%, 0.00%, 0.00%, 0.00%, 0.00%, 0.00%, 0.00%, 0.00%, 0.05%, 0.00%, 0.00%, 0.00%, 0.00%, 0.00%, 0.00%, 0.00%, 0.00%, 0.00%, 0.00%, 0.08%, 0.00%, 0.00%, 0.00%
,--------------------------------------------------------,,,,,,,,,,,,,,,,,,,,,,,,,,,,,,,,,,,,,,,,,,,,,,,,,,,,,,,,,,,,,,,,,,,,,,,,,,,,,,,,,,,,,,,,,,,,,,
,合計視聴時間,5244.75,5636.29,3382.11,5921.44,5773.53,1504.01,6059.66,3874.99,4996.82,4305.98,3645.29,5772.79,6585.19,5687.86,7568.81,9642.87,6267.35,6139.12,6102.77,8195.73,10525.14,5820.12,4978.82,5061.1,260.24,5010.1,5291.38,7159.8,211.82,6412,3425.49,5695.27,6152.38,202.79,9694.06,11394.18,6434.81,6662.42,4716.92,5651.34,4184.69,5262.82,126.44,6942.66,6970.53,2105.54,8666.34,3917.17,10765.73,5804.77,6566.65,10186.72,7176.48,7209.24,85.9,2263.17,4560.13,3868.52,4051.98,8064.66,6607.21,94.74,4910.74,11722.73,8171.38,4098.43,3747.85,8130.47,13238.66,45167.13,11303.6,8329.92,4989.28,5262.22,11186.74,6248.48,7020.37,20050.7,2533.68,8403.83,10569.17,16480.14,9617.58,3288.49,1632.79,49747.76,1629.38,7814.34,1183,3257.02,2999.29,126.38,30.84,33.73
,エンゲージ視聴者数, 336, 308, 205, 389, 419, 86, 319, 218, 316, 131, 293, 652, 736, 559, 854, 995, 774, 614, 755, 671, 669, 523, 324, 306, 10, 511, 344, 655, 9, 776, 245, 357, 516, 3," 1,007"," 1,044", 790, 819, 389, 519, 416, 436, 14, 378, 463, 70, 613, 281, 787, 445, 529, 747, 568, 537, 6, 85, 397, 263, 434, 728, 537, 8, 329," 1,004", 809, 375, 296, 673," 1,604"," 4,131"," 1,358"," 1,082", 869, 641," 1,331", 488," 1,156"," 1,710", 558," 1,138"," 1,375"," 2,526"," 1,837", 671, 326," 21,328", 274, 296, 208, 394, 442, 12, 3, 9
,アクティブ視聴者数, 39, 65, 54, 83, 43, 10, 29, 29, 61, 20, 31, 112, 78, 71, 89, 74, 63, 58, 80, 88, 36, 42, 41, 42, 0, 64, 32, 77, 0, 84, 31, 30, 87, 0, 97, 191, 124, 100, 43, 121, 43, 90, 0, 79, 95, 8, 135, 39, 150, 48, 56, 138, 86, 71, 0, 26, 46, 22, 62, 90, 52, 0, 51, 62, 102, 68, 34, 137, 381, 147, 269, 192, 57, 115, 201, 83, 91, 458, 58, 185, 212, 397, 305, 73, 47," 1,399", 25, 51, 24, 41, 48, 2, 0, 2
,---------------------------------------------------------,,,,,,,,,,,,,,,,,,,,,,,,,,,,,,,,,,,,,,,,,,,,,,,,,,,,,,,,,,,,,,,,,,,,,,,,,,,,,,,,,,,,,,,,,,,,,,
,商品クリックユーザー数, 27, 55, 29, 69, 24, 8, 21, 22, 52, 17, 24, 101, 54, 56, 74, 57, 50, 42, 61, 76, 29, 33, 27, 37, 0, 52, 27, 55, 0, 70, 30, 23, 79, 0, 72, 172, 101, 75, 36, 103, 25, 76, 0, 70, 85, 3, 114, 27, 127, 33, 42, 111, 68, 54, 0, 24, 35, 12, 59, 66, 37, 0, 45, 44, 80, 59, 24, 124, 363, 111, 231, 170, 42, 96, 175, 68, 56, 414, 35, 99, 154, 333, 281, 53, 30," 1,179", 21, 43, 12, 30, 35, 4, 2, 2
,アウトストリーム商品クリックユーザー数, 27, 54, 29, 69, 24, 8, 21, 22, 52, 17, 24, 101, 54, 56, 74, 57, 50, 42, 61, 76, 29, 33, 27, 37, 0, 52, 27, 55, 0, 70, 30, 23, 79, 0, 72, 172, 101, 75, 36, 103, 25, 72, 0, 70, 85, 3, 114, 27, 127, 33, 42, 111, 68, 54, 0, 24, 35, 12, 59, 66, 37, 0, 45, 44, 80, 59, 24, 124, 363, 111, 231, 170, 42, 96, 175, 68, 56, 414, 35, 99, 154, 333, 281, 53, 30," 1,179", 21, 43, 12, 10, 35, 4, 2, 2
,チャット参加ユーザー数, 0, 0, 0, 0, 0, 0, 0, 0, 0, 0, 0, 0, 0, 0, 0, 0, 0, 0, 0, 0, 0, 0, 0, 0, 0, 0, 0, 0, 0, 0, 0, 0, 0, 0, 0, 0, 0, 0, 0, 0, 0, 0, 0, 0, 0, 0, 0, 0, 0, 0, 0, 0, 0, 0, 0, 0, 0, 0, 0, 0, 0, 0, 0, 0, 0, 0, 0, 0, 0, 0, 0, 0, 0, 0, 0, 0, 0, 0, 0, 0, 0, 0, 0, 0, 0, 0, 0, 0, 0, 0, 0, 0, 0, 0
,いいねユーザー数, 0, 0, 0, 0, 0, 0, 0, 0, 0, 0, 0, 0, 0, 0, 0, 1, 0, 0, 0, 1, 1, 0, 0, 0, 0, 0, 0, 0, 0, 0, 0, 0, 1, 0, 1, 0, 0, 0, 0, 1, 0, 0, 0, 0, 0, 0, 0, 0, 0, 0, 1, 1, 0, 0, 0, 0, 0, 0, 0, 0, 1, 0, 0, 0, 2, 1, 0, 0, 0, 0, 5, 1, 0, 0, 0, 0, 0, 0, 0, 1, 0, 0, 0, 0, 0, 1, 0, 0, 0, 0, 1, 0, 0, 0
,----------------------------------,,,,,,,,,,,,,,,,,,,,,,,,,,,,,,,,,,,,,,,,,,,,,,,,,,,,,,,,,,,,,,,,,,,,,,,,,,,,,,,,,,,,,,,,,,,,,,
,商品カードクリック数, 42, 82, 44, 181, 65, 20, 39, 46, 115, 34, 66, 167, 76, 116, 115, 117, 68, 65, 122, 176, 52, 70, 56, 88, 0, 103, 42, 98, 0, 122, 74, 36, 226, 0, 124, 344, 219, 135, 101, 190, 84, 113, 0, 164, 291, 13, 213, 44, 191, 55, 98, 328, 164, 149, 0, 103, 54, 20, 128, 130, 49, 0, 104, 455, 183, 175, 33, 434, 663, 244, 361, 282, 91, 217, 323, 134, 89," 1,130", 50, 211, 351, 522, 436, 117, 43," 1,459", 44, 138, 15, 64, 52, 4, 3, 2
,アウトストリーム商品カードクリック数, 42, 80, 44, 181, 65, 20, 39, 46, 115, 34, 66, 167, 76, 116, 116, 117, 68, 65, 122, 176, 52, 70, 57, 88, 0, 103, 42, 98, 0, 122, 74, 36, 226, 0, 124, 344, 219, 135, 102, 190, 84, 111, 0, 164, 291, 13, 213, 44, 191, 55, 98, 328, 164, 151, 0, 102, 54, 20, 128, 130, 49, 0, 106, 455, 183, 175, 33, 434, 662, 244, 361, 282, 91, 217, 322, 134, 88," 1,130", 50, 211, 351, 522, 436, 117, 43," 1,460", 44, 138, 15, 16, 52, 4, 3, 2
,チャット数, 0, 0, 0, 0, 0, 0, 0, 0, 0, 0, 0, 0, 0, 0, 0, 0, 0, 0, 0, 0, 0, 0, 0, 0, 0, 0, 0, 0, 0, 0, 0, 0, 0, 0, 0, 0, 0, 0, 0, 0, 0, 0, 0, 0, 0, 0, 0, 0, 0, 0, 0, 0, 0, 0, 0, 0, 0, 0, 0, 0, 0, 0, 0, 0, 0, 0, 0, 0, 0, 0, 0, 0, 0, 0, 0, 0, 0, 0, 0, 0, 0, 0, 0, 0, 0, 0, 0, 0, 0, 0, 0, 0, 0, 0
,いいね数, 0, 0, 0, 0, 0, 0, 0, 0, 0, 0, 0, 0, 0, 0, 0, 2, 0, 0, 0, 1, 2, 0, 0, 0, 0, 0, 0, 0, 0, 0, 0, 0, 1, 0, 1, 0, 0, 0, 0, 1, 0, 0, 0, 0, 0, 0, 0, 0, 0, 0, 1, 1, 0, 0, 0, 0, 0, 0, 0, 0, 1, 0, 0, 0, 16, 2, 0, 0, 0, 0, 21, 1, 0, 0, 0, 0, 0, 0, 0, 1, 0, 0, 0, 0, 0, 3, 0, 0, 0, 0, 6, 0, 0, 0
,,,,,,,,,,,,,,,,,,,, 88, 90, 105, 81, 89, 87,, 88, 86, 83,, 80, 80, 107, 80,, 86, 90, 85, 89, 81, 87, 106, 103,, 103, 82, 78, 87, 111, 91, 98, 83, 97, 79, 76,, 76, 98, 93, 81, 90, 98,, 95, 104, 98, 97, 88, 97, 95, 83, 96, 102, 113, 104, 97, 93, 96, 117,,,,,,,,,,,,,,,,